username, password,displayName,firstName,middleName,lastName,gender,birthdate,email,phoneNumber,phoneCode,languageCode,postalCode, avatarFileId,pdpa,receiveSMS,receiveEmail,receiveDirectMail,posCustomerId,extraPhoneNumber,region
osimtest001@hotmail.com,Osimtest1@,osimtest001@hotmail.com,Mickey1,mn1,Osim1,Female,17/9/1972,osimtest001@hotmail.com,11111111,65,en,123456,,TRUE,,TRUE,,,13100001,SG
osimtest002@hotmail.com,Osimtest1@,osimtest002@hotmail.com,Mickey2,mn2,Osim2,Male,18/9/1972,osimtest002@hotmail.com,22222222,65,ch,123456,,TRUE,,TRUE,,,13100002,SG
osimtest003@hotmail.com,Osimtest1@,osimtest003@hotmail.com,Mickey3,mn3,Osim3,Female,19/9/1972,osimtest003@hotmail.com,33333333,65,en,123456,,TRUE,,TRUE,,,13100003,SG
osimtest004@hotmail.com,Osimtest1@,osimtest004@hotmail.com,Mickey4,mn4,Osim4,Male,20/9/1972,osimtest004@hotmail.com,44444444,65,ch,123456,,TRUE,,TRUE,,,13100004,SG
osimtest005@hotmail.com,Osimtest1@,osimtest005@hotmail.com,Mickey5,mn5,Osim5,Female,21/9/1972,osimtest005@hotmail.com,55555555,65,en,123456,,TRUE,,TRUE,,,13100005,SG
osimtest006@hotmail.com,Osimtest1@,osimtest006@hotmail.com,Mickey6,mn6,Osim6,Male,22/9/1972,osimtest006@hotmail.com,66666666,65,ch,123456,,,TRUE,,TRUE,,13100006,SG
osimtest007@hotmail.com,Osimtest1@,osimtest007@hotmail.com,Mickey7,mn7,Osim7,Female,23/9/1972,osimtest007@hotmail.com,77777777,65,en,123456,,,TRUE,,TRUE,,13100007,SG
osimtest008@hotmail.com,Osimtest1@,osimtest008@hotmail.com,Mickey8,mn8,Osim8,Male,24/9/1972,osimtest008@hotmail.com,88888888,65,ch,123456,,,TRUE,,TRUE,,13100008,SG
osimtest009@hotmail.com,Osimtest1@,osimtest009@hotmail.com,Mickey9,mn9,Osim9,Female,25/9/1972,osimtest009@hotmail.com,99999999,65,en,123456,,,TRUE,,TRUE,,13100009,SG
osimtest010@hotmail.com,Osimtest1@,osimtest010@hotmail.com,Mickey10,mn10,Osim10,Male,26/9/1972,osimtest010@hotmail.com,11111112,65,ch,123456,,,TRUE,,TRUE,,13100010,SG
osimtest011@hotmail.com,Osimtest1@,osimtest011@hotmail.com,Mickey11,mn11,Osim11,Female,17/9/1972,osimtest011@hotmail.com,11111111,65,en,123456,,TRUE,,TRUE,,,13100001,SG
osimtest012@hotmail.com,Osimtest1@,osimtest012@hotmail.com,Mickey12,mn12,Osim12,Male,18/9/1972,osimtest012@hotmail.com,22222222,65,ch,123456,,TRUE,,TRUE,,,13100002,SG
osimtest013@hotmail.com,Osimtest1@,osimtest013@hotmail.com,Mickey13,mn13,Osim13,Female,19/9/1972,osimtest013@hotmail.com,33333333,65,en,123456,,TRUE,,TRUE,,,13100003,SG
osimtest014@hotmail.com,Osimtest1@,osimtest014@hotmail.com,Mickey14,mn14,Osim14,Male,20/9/1972,osimtest014@hotmail.com,44444444,65,ch,123456,,TRUE,,TRUE,,,13100004,SG
osimtest015@hotmail.com,Osimtest1@,osimtest015@hotmail.com,Mickey15,mn15,Osim15,Female,21/9/1972,osimtest015@hotmail.com,55555555,65,en,123456,,TRUE,,TRUE,,,13100005,SG
osimtest016@hotmail.com,Osimtest1@,osimtest016@hotmail.com,Mickey16,mn16,Osim16,Male,22/9/1972,osimtest016@hotmail.com,66666666,65,ch,123456,,,TRUE,,TRUE,,13100006,SG
osimtest017@hotmail.com,Osimtest1@,osimtest017@hotmail.com,Mickey17,mn17,Osim17,Female,23/9/1972,osimtest017@hotmail.com,77777777,65,en,123456,,,TRUE,,TRUE,,13100007,SG
osimtest018@hotmail.com,Osimtest1@,osimtest018@hotmail.com,Mickey18,mn18,Osim18,Male,24/9/1972,osimtest018@hotmail.com,88888888,65,ch,123456,,,TRUE,,TRUE,,13100008,SG
osimtest019@hotmail.com,Osimtest1@,osimtest019@hotmail.com,Mickey19,mn19,Osim19,Female,25/9/1972,osimtest019@hotmail.com,99999999,65,en,123456,,,TRUE,,TRUE,,13100009,SG
osimtest020@hotmail.com,Osimtest1@,osimtest020@hotmail.com,Mickey20,mn20,Osim20,Male,26/9/1972,osimtest020@hotmail.com,11111112,65,ch,123456,,,TRUE,,TRUE,,13100010,SG
osimtest021@hotmail.com,Osimtest1@,osimtest021@hotmail.com,Mickey21,mn21,Osim21,Female,17/9/1972,osimtest021@hotmail.com,11111111,65,en,123456,,TRUE,,TRUE,,,13100001,SG
osimtest022@hotmail.com,Osimtest1@,osimtest022@hotmail.com,Mickey22,mn22,Osim22,Male,18/9/1972,osimtest022@hotmail.com,22222222,65,ch,123456,,TRUE,,TRUE,,,13100002,SG
osimtest023@hotmail.com,Osimtest1@,osimtest023@hotmail.com,Mickey23,mn23,Osim23,Female,19/9/1972,osimtest023@hotmail.com,33333333,65,en,123456,,TRUE,,TRUE,,,13100003,SG
osimtest024@hotmail.com,Osimtest1@,osimtest024@hotmail.com,Mickey24,mn24,Osim24,Male,20/9/1972,osimtest024@hotmail.com,44444444,65,ch,123456,,TRUE,,TRUE,,,13100004,SG
osimtest025@hotmail.com,Osimtest1@,osimtest025@hotmail.com,Mickey25,mn25,Osim25,Female,21/9/1972,osimtest025@hotmail.com,55555555,65,en,123456,,TRUE,,TRUE,,,13100005,SG
osimtest026@hotmail.com,Osimtest1@,osimtest026@hotmail.com,Mickey26,mn26,Osim26,Male,22/9/1972,osimtest026@hotmail.com,66666666,65,ch,123456,,,TRUE,,TRUE,,13100006,SG
osimtest027@hotmail.com,Osimtest1@,osimtest027@hotmail.com,Mickey27,mn27,Osim27,Female,23/9/1972,osimtest027@hotmail.com,77777777,65,en,123456,,,TRUE,,TRUE,,13100007,SG
osimtest028@hotmail.com,Osimtest1@,osimtest028@hotmail.com,Mickey28,mn28,Osim28,Male,24/9/1972,osimtest028@hotmail.com,88888888,65,ch,123456,,,TRUE,,TRUE,,13100008,SG
osimtest029@hotmail.com,Osimtest1@,osimtest029@hotmail.com,Mickey29,mn29,Osim29,Female,25/9/1972,osimtest029@hotmail.com,99999999,65,en,123456,,,TRUE,,TRUE,,13100009,SG
osimtest030@hotmail.com,Osimtest1@,osimtest030@hotmail.com,Mickey30,mn30,Osim30,Male,26/9/1972,osimtest030@hotmail.com,11111112,65,ch,123456,,,TRUE,,TRUE,,13100010,SG
osimtest031@hotmail.com,Osimtest1@,osimtest031@hotmail.com,Mickey31,mn31,Osim31,Female,17/9/1972,osimtest031@hotmail.com,11111111,65,en,123456,,TRUE,,TRUE,,,13100001,SG
osimtest032@hotmail.com,Osimtest1@,osimtest032@hotmail.com,Mickey32,mn32,Osim32,Male,18/9/1972,osimtest032@hotmail.com,22222222,65,ch,123456,,TRUE,,TRUE,,,13100002,SG
osimtest033@hotmail.com,Osimtest1@,osimtest033@hotmail.com,Mickey33,mn33,Osim33,Female,19/9/1972,osimtest033@hotmail.com,33333333,65,en,123456,,TRUE,,TRUE,,,13100003,SG
osimtest034@hotmail.com,Osimtest1@,osimtest034@hotmail.com,Mickey34,mn34,Osim34,Male,20/9/1972,osimtest034@hotmail.com,44444444,65,ch,123456,,TRUE,,TRUE,,,13100004,SG
osimtest035@hotmail.com,Osimtest1@,osimtest035@hotmail.com,Mickey35,mn35,Osim35,Female,21/9/1972,osimtest035@hotmail.com,55555555,65,en,123456,,TRUE,,TRUE,,,13100005,SG
osimtest036@hotmail.com,Osimtest1@,osimtest036@hotmail.com,Mickey36,mn36,Osim36,Male,22/9/1972,osimtest036@hotmail.com,66666666,65,ch,123456,,,TRUE,,TRUE,,13100006,SG
osimtest037@hotmail.com,Osimtest1@,osimtest037@hotmail.com,Mickey37,mn37,Osim37,Female,23/9/1972,osimtest037@hotmail.com,77777777,65,en,123456,,,TRUE,,TRUE,,13100007,SG
osimtest038@hotmail.com,Osimtest1@,osimtest038@hotmail.com,Mickey38,mn38,Osim38,Male,24/9/1972,osimtest038@hotmail.com,88888888,65,ch,123456,,,TRUE,,TRUE,,13100008,SG
osimtest039@hotmail.com,Osimtest1@,osimtest039@hotmail.com,Mickey39,mn39,Osim39,Female,25/9/1972,osimtest039@hotmail.com,99999999,65,en,123456,,,TRUE,,TRUE,,13100009,SG
osimtest040@hotmail.com,Osimtest1@,osimtest040@hotmail.com,Mickey40,mn40,Osim40,Male,26/9/1972,osimtest040@hotmail.com,11111112,65,ch,123456,,,TRUE,,TRUE,,13100010,SG
osimtest041@hotmail.com,Osimtest1@,osimtest041@hotmail.com,Mickey41,mn41,Osim41,Female,17/9/1972,osimtest041@hotmail.com,11111111,65,en,123456,,TRUE,,TRUE,,,13100001,SG
osimtest042@hotmail.com,Osimtest1@,osimtest042@hotmail.com,Mickey42,mn42,Osim42,Male,18/9/1972,osimtest042@hotmail.com,22222222,65,ch,123456,,TRUE,,TRUE,,,13100002,SG
osimtest043@hotmail.com,Osimtest1@,osimtest043@hotmail.com,Mickey43,mn43,Osim43,Female,19/9/1972,osimtest043@hotmail.com,33333333,65,en,123456,,TRUE,,TRUE,,,13100003,SG
osimtest044@hotmail.com,Osimtest1@,osimtest044@hotmail.com,Mickey44,mn44,Osim44,Male,20/9/1972,osimtest044@hotmail.com,44444444,65,ch,123456,,TRUE,,TRUE,,,13100004,SG
osimtest045@hotmail.com,Osimtest1@,osimtest045@hotmail.com,Mickey45,mn45,Osim45,Female,21/9/1972,osimtest045@hotmail.com,55555555,65,en,123456,,TRUE,,TRUE,,,13100005,SG
osimtest046@hotmail.com,Osimtest1@,osimtest046@hotmail.com,Mickey46,mn46,Osim46,Male,22/9/1972,osimtest046@hotmail.com,66666666,65,ch,123456,,,TRUE,,TRUE,,13100006,SG
osimtest047@hotmail.com,Osimtest1@,osimtest047@hotmail.com,Mickey47,mn47,Osim47,Female,23/9/1972,osimtest047@hotmail.com,77777777,65,en,123456,,,TRUE,,TRUE,,13100007,SG
osimtest048@hotmail.com,Osimtest1@,osimtest048@hotmail.com,Mickey48,mn48,Osim48,Male,24/9/1972,osimtest048@hotmail.com,88888888,65,ch,123456,,,TRUE,,TRUE,,13100008,SG
osimtest049@hotmail.com,Osimtest1@,osimtest049@hotmail.com,Mickey49,mn49,Osim49,Female,25/9/1972,osimtest049@hotmail.com,99999999,65,en,123456,,,TRUE,,TRUE,,13100009,SG
osimtest050@hotmail.com,Osimtest1@,osimtest050@hotmail.com,Mickey50,mn50,Osim50,Male,26/9/1972,osimtest050@hotmail.com,11111112,65,ch,123456,,,TRUE,,TRUE,,13100010,SG
osimtest051@hotmail.com,Osimtest1@,osimtest051@hotmail.com,Mickey51,mn51,Osim51,Female,17/9/1972,osimtest051@hotmail.com,11111111,65,en,123456,,TRUE,,TRUE,,,13100001,SG
osimtest052@hotmail.com,Osimtest1@,osimtest052@hotmail.com,Mickey52,mn52,Osim52,Male,18/9/1972,osimtest052@hotmail.com,22222222,65,ch,123456,,TRUE,,TRUE,,,13100002,SG
osimtest053@hotmail.com,Osimtest1@,osimtest053@hotmail.com,Mickey53,mn53,Osim53,Female,19/9/1972,osimtest053@hotmail.com,33333333,65,en,123456,,TRUE,,TRUE,,,13100003,SG
osimtest054@hotmail.com,Osimtest1@,osimtest054@hotmail.com,Mickey54,mn54,Osim54,Male,20/9/1972,osimtest054@hotmail.com,44444444,65,ch,123456,,TRUE,,TRUE,,,13100004,SG
osimtest055@hotmail.com,Osimtest1@,osimtest055@hotmail.com,Mickey55,mn55,Osim55,Female,21/9/1972,osimtest055@hotmail.com,55555555,65,en,123456,,TRUE,,TRUE,,,13100005,SG
osimtest056@hotmail.com,Osimtest1@,osimtest056@hotmail.com,Mickey56,mn56,Osim56,Male,22/9/1972,osimtest056@hotmail.com,66666666,65,ch,123456,,,TRUE,,TRUE,,13100006,SG
osimtest057@hotmail.com,Osimtest1@,osimtest057@hotmail.com,Mickey57,mn57,Osim57,Female,23/9/1972,osimtest057@hotmail.com,77777777,65,en,123456,,,TRUE,,TRUE,,13100007,SG
osimtest058@hotmail.com,Osimtest1@,osimtest058@hotmail.com,Mickey58,mn58,Osim58,Male,24/9/1972,osimtest058@hotmail.com,88888888,65,ch,123456,,,TRUE,,TRUE,,13100008,SG
osimtest059@hotmail.com,Osimtest1@,osimtest059@hotmail.com,Mickey59,mn59,Osim59,Female,25/9/1972,osimtest059@hotmail.com,99999999,65,en,123456,,,TRUE,,TRUE,,13100009,SG
osimtest060@hotmail.com,Osimtest1@,osimtest060@hotmail.com,Mickey60,mn60,Osim60,Male,26/9/1972,osimtest060@hotmail.com,11111112,65,ch,123456,,,TRUE,,TRUE,,13100010,SG
osimtest061@hotmail.com,Osimtest1@,osimtest061@hotmail.com,Mickey61,mn61,Osim61,Female,17/9/1972,osimtest061@hotmail.com,11111111,65,en,123456,,TRUE,,TRUE,,,13100001,SG
osimtest062@hotmail.com,Osimtest1@,osimtest062@hotmail.com,Mickey62,mn62,Osim62,Male,18/9/1972,osimtest062@hotmail.com,22222222,65,ch,123456,,TRUE,,TRUE,,,13100002,SG
osimtest063@hotmail.com,Osimtest1@,osimtest063@hotmail.com,Mickey63,mn63,Osim63,Female,19/9/1972,osimtest063@hotmail.com,33333333,65,en,123456,,TRUE,,TRUE,,,13100003,SG
osimtest064@hotmail.com,Osimtest1@,osimtest064@hotmail.com,Mickey64,mn64,Osim64,Male,20/9/1972,osimtest064@hotmail.com,44444444,65,ch,123456,,TRUE,,TRUE,,,13100004,SG
osimtest065@hotmail.com,Osimtest1@,osimtest065@hotmail.com,Mickey65,mn65,Osim65,Female,21/9/1972,osimtest065@hotmail.com,55555555,65,en,123456,,TRUE,,TRUE,,,13100005,SG
osimtest066@hotmail.com,Osimtest1@,osimtest066@hotmail.com,Mickey66,mn66,Osim66,Male,22/9/1972,osimtest066@hotmail.com,66666666,65,ch,123456,,,TRUE,,TRUE,,13100006,SG
osimtest067@hotmail.com,Osimtest1@,osimtest067@hotmail.com,Mickey67,mn67,Osim67,Female,23/9/1972,osimtest067@hotmail.com,77777777,65,en,123456,,,TRUE,,TRUE,,13100007,SG
osimtest068@hotmail.com,Osimtest1@,osimtest068@hotmail.com,Mickey68,mn68,Osim68,Male,24/9/1972,osimtest068@hotmail.com,88888888,65,ch,123456,,,TRUE,,TRUE,,13100008,SG
osimtest069@hotmail.com,Osimtest1@,osimtest069@hotmail.com,Mickey69,mn69,Osim69,Female,25/9/1972,osimtest069@hotmail.com,99999999,65,en,123456,,,TRUE,,TRUE,,13100009,SG
osimtest070@hotmail.com,Osimtest1@,osimtest070@hotmail.com,Mickey70,mn70,Osim70,Male,26/9/1972,osimtest070@hotmail.com,11111112,65,ch,123456,,,TRUE,,TRUE,,13100010,SG
osimtest071@hotmail.com,Osimtest1@,osimtest071@hotmail.com,Mickey71,mn71,Osim71,Female,17/9/1972,osimtest071@hotmail.com,11111111,65,en,123456,,TRUE,,TRUE,,,13100001,SG
osimtest072@hotmail.com,Osimtest1@,osimtest072@hotmail.com,Mickey72,mn72,Osim72,Male,18/9/1972,osimtest072@hotmail.com,22222222,65,ch,123456,,TRUE,,TRUE,,,13100002,SG
osimtest073@hotmail.com,Osimtest1@,osimtest073@hotmail.com,Mickey73,mn73,Osim73,Female,19/9/1972,osimtest073@hotmail.com,33333333,65,en,123456,,TRUE,,TRUE,,,13100003,SG
osimtest074@hotmail.com,Osimtest1@,osimtest074@hotmail.com,Mickey74,mn74,Osim74,Male,20/9/1972,osimtest074@hotmail.com,44444444,65,ch,123456,,TRUE,,TRUE,,,13100004,SG
osimtest075@hotmail.com,Osimtest1@,osimtest075@hotmail.com,Mickey75,mn75,Osim75,Female,21/9/1972,osimtest075@hotmail.com,55555555,65,en,123456,,TRUE,,TRUE,,,13100005,SG
osimtest076@hotmail.com,Osimtest1@,osimtest076@hotmail.com,Mickey76,mn76,Osim76,Male,22/9/1972,osimtest076@hotmail.com,66666666,65,ch,123456,,,TRUE,,TRUE,,13100006,SG
osimtest077@hotmail.com,Osimtest1@,osimtest077@hotmail.com,Mickey77,mn77,Osim77,Female,23/9/1972,osimtest077@hotmail.com,77777777,65,en,123456,,,TRUE,,TRUE,,13100007,SG
osimtest078@hotmail.com,Osimtest1@,osimtest078@hotmail.com,Mickey78,mn78,Osim78,Male,24/9/1972,osimtest078@hotmail.com,88888888,65,ch,123456,,,TRUE,,TRUE,,13100008,SG
osimtest079@hotmail.com,Osimtest1@,osimtest079@hotmail.com,Mickey79,mn79,Osim79,Female,25/9/1972,osimtest079@hotmail.com,99999999,65,en,123456,,,TRUE,,TRUE,,13100009,SG
osimtest080@hotmail.com,Osimtest1@,osimtest080@hotmail.com,Mickey80,mn80,Osim80,Male,26/9/1972,osimtest080@hotmail.com,11111112,65,ch,123456,,,TRUE,,TRUE,,13100010,SG
osimtest081@hotmail.com,Osimtest1@,osimtest081@hotmail.com,Mickey81,mn81,Osim81,Female,17/9/1972,osimtest081@hotmail.com,11111111,65,en,123456,,TRUE,,TRUE,,,13100001,SG
osimtest082@hotmail.com,Osimtest1@,osimtest082@hotmail.com,Mickey82,mn82,Osim82,Male,18/9/1972,osimtest082@hotmail.com,22222222,65,ch,123456,,TRUE,,TRUE,,,13100002,SG
osimtest083@hotmail.com,Osimtest1@,osimtest083@hotmail.com,Mickey83,mn83,Osim83,Female,19/9/1972,osimtest083@hotmail.com,33333333,65,en,123456,,TRUE,,TRUE,,,13100003,SG
osimtest084@hotmail.com,Osimtest1@,osimtest084@hotmail.com,Mickey84,mn84,Osim84,Male,20/9/1972,osimtest084@hotmail.com,44444444,65,ch,123456,,TRUE,,TRUE,,,13100004,SG
osimtest085@hotmail.com,Osimtest1@,osimtest085@hotmail.com,Mickey85,mn85,Osim85,Female,21/9/1972,osimtest085@hotmail.com,55555555,65,en,123456,,TRUE,,TRUE,,,13100005,SG
osimtest086@hotmail.com,Osimtest1@,osimtest086@hotmail.com,Mickey86,mn86,Osim86,Male,22/9/1972,osimtest086@hotmail.com,66666666,65,ch,123456,,,TRUE,,TRUE,,13100006,SG
osimtest087@hotmail.com,Osimtest1@,osimtest087@hotmail.com,Mickey87,mn87,Osim87,Female,23/9/1972,osimtest087@hotmail.com,77777777,65,en,123456,,,TRUE,,TRUE,,13100007,SG
osimtest088@hotmail.com,Osimtest1@,osimtest088@hotmail.com,Mickey88,mn88,Osim88,Male,24/9/1972,osimtest088@hotmail.com,88888888,65,ch,123456,,,TRUE,,TRUE,,13100008,SG
osimtest089@hotmail.com,Osimtest1@,osimtest089@hotmail.com,Mickey89,mn89,Osim89,Female,25/9/1972,osimtest089@hotmail.com,99999999,65,en,123456,,,TRUE,,TRUE,,13100009,SG
osimtest090@hotmail.com,Osimtest1@,osimtest090@hotmail.com,Mickey90,mn90,Osim90,Male,26/9/1972,osimtest090@hotmail.com,11111112,65,ch,123456,,,TRUE,,TRUE,,13100010,SG
osimtest091@hotmail.com,Osimtest1@,osimtest091@hotmail.com,Mickey91,mn91,Osim91,Female,17/9/1972,osimtest091@hotmail.com,11111111,65,en,123456,,TRUE,,TRUE,,,13100001,SG
osimtest092@hotmail.com,Osimtest1@,osimtest092@hotmail.com,Mickey92,mn92,Osim92,Male,18/9/1972,osimtest092@hotmail.com,22222222,65,ch,123456,,TRUE,,TRUE,,,13100002,SG
osimtest093@hotmail.com,Osimtest1@,osimtest093@hotmail.com,Mickey93,mn93,Osim93,Female,19/9/1972,osimtest093@hotmail.com,33333333,65,en,123456,,TRUE,,TRUE,,,13100003,SG
osimtest094@hotmail.com,Osimtest1@,osimtest094@hotmail.com,Mickey94,mn94,Osim94,Male,20/9/1972,osimtest094@hotmail.com,44444444,65,ch,123456,,TRUE,,TRUE,,,13100004,SG
osimtest095@hotmail.com,Osimtest1@,osimtest095@hotmail.com,Mickey95,mn95,Osim95,Female,21/9/1972,osimtest095@hotmail.com,55555555,65,en,123456,,TRUE,,TRUE,,,13100005,SG
osimtest096@hotmail.com,Osimtest1@,osimtest096@hotmail.com,Mickey96,mn96,Osim96,Male,22/9/1972,osimtest096@hotmail.com,66666666,65,ch,123456,,,TRUE,,TRUE,,13100006,SG
osimtest097@hotmail.com,Osimtest1@,osimtest097@hotmail.com,Mickey97,mn97,Osim97,Female,23/9/1972,osimtest097@hotmail.com,77777777,65,en,123456,,,TRUE,,TRUE,,13100007,SG
osimtest098@hotmail.com,Osimtest1@,osimtest098@hotmail.com,Mickey98,mn98,Osim98,Male,24/9/1972,osimtest098@hotmail.com,88888888,65,ch,123456,,,TRUE,,TRUE,,13100008,SG
osimtest099@hotmail.com,Osimtest1@,osimtest099@hotmail.com,Mickey99,mn99,Osim99,Female,25/9/1972,osimtest099@hotmail.com,99999999,65,en,123456,,,TRUE,,TRUE,,13100009,SG
osimtest100@hotmail.com,Osimtest1@,osimtest100@hotmail.com,Mickey100,mn100,Osim100,Male,26/9/1972,osimtest100@hotmail.com,11111112,65,ch,123456,,,TRUE,,TRUE,,13100010,SG
osimtest101@hotmail.com,Osimtest1@,osimtest101@hotmail.com,Mickey101,mn101,Osim101,Female,17/9/1972,osimtest101@hotmail.com,11111111,65,en,123456,,TRUE,,TRUE,,,13100001,SG
osimtest102@hotmail.com,Osimtest1@,osimtest102@hotmail.com,Mickey102,mn102,Osim102,Male,18/9/1972,osimtest102@hotmail.com,22222222,65,ch,123456,,TRUE,,TRUE,,,13100002,SG
osimtest103@hotmail.com,Osimtest1@,osimtest103@hotmail.com,Mickey103,mn103,Osim103,Female,19/9/1972,osimtest103@hotmail.com,33333333,65,en,123456,,TRUE,,TRUE,,,13100003,SG
osimtest104@hotmail.com,Osimtest1@,osimtest104@hotmail.com,Mickey104,mn104,Osim104,Male,20/9/1972,osimtest104@hotmail.com,44444444,65,ch,123456,,TRUE,,TRUE,,,13100004,SG
osimtest105@hotmail.com,Osimtest1@,osimtest105@hotmail.com,Mickey105,mn105,Osim105,Female,21/9/1972,osimtest105@hotmail.com,55555555,65,en,123456,,TRUE,,TRUE,,,13100005,SG
osimtest106@hotmail.com,Osimtest1@,osimtest106@hotmail.com,Mickey106,mn106,Osim106,Male,22/9/1972,osimtest106@hotmail.com,66666666,65,ch,123456,,,TRUE,,TRUE,,13100006,SG
osimtest107@hotmail.com,Osimtest1@,osimtest107@hotmail.com,Mickey107,mn107,Osim107,Female,23/9/1972,osimtest107@hotmail.com,77777777,65,en,123456,,,TRUE,,TRUE,,13100007,SG
osimtest108@hotmail.com,Osimtest1@,osimtest108@hotmail.com,Mickey108,mn108,Osim108,Male,24/9/1972,osimtest108@hotmail.com,88888888,65,ch,123456,,,TRUE,,TRUE,,13100008,SG
osimtest109@hotmail.com,Osimtest1@,osimtest109@hotmail.com,Mickey109,mn109,Osim109,Female,25/9/1972,osimtest109@hotmail.com,99999999,65,en,123456,,,TRUE,,TRUE,,13100009,SG
osimtest110@hotmail.com,Osimtest1@,osimtest110@hotmail.com,Mickey110,mn110,Osim110,Male,26/9/1972,osimtest110@hotmail.com,11111112,65,ch,123456,,,TRUE,,TRUE,,13100010,SG
osimtest111@hotmail.com,Osimtest1@,osimtest111@hotmail.com,Mickey111,mn111,Osim111,Female,17/9/1972,osimtest111@hotmail.com,11111111,65,en,123456,,TRUE,,TRUE,,,13100001,SG
osimtest112@hotmail.com,Osimtest1@,osimtest112@hotmail.com,Mickey112,mn112,Osim112,Male,18/9/1972,osimtest112@hotmail.com,22222222,65,ch,123456,,TRUE,,TRUE,,,13100002,SG
osimtest113@hotmail.com,Osimtest1@,osimtest113@hotmail.com,Mickey113,mn113,Osim113,Female,19/9/1972,osimtest113@hotmail.com,33333333,65,en,123456,,TRUE,,TRUE,,,13100003,SG
osimtest114@hotmail.com,Osimtest1@,osimtest114@hotmail.com,Mickey114,mn114,Osim114,Male,20/9/1972,osimtest114@hotmail.com,44444444,65,ch,123456,,TRUE,,TRUE,,,13100004,SG
osimtest115@hotmail.com,Osimtest1@,osimtest115@hotmail.com,Mickey115,mn115,Osim115,Female,21/9/1972,osimtest115@hotmail.com,55555555,65,en,123456,,TRUE,,TRUE,,,13100005,SG
osimtest116@hotmail.com,Osimtest1@,osimtest116@hotmail.com,Mickey116,mn116,Osim116,Male,22/9/1972,osimtest116@hotmail.com,66666666,65,ch,123456,,,TRUE,,TRUE,,13100006,SG
osimtest117@hotmail.com,Osimtest1@,osimtest117@hotmail.com,Mickey117,mn117,Osim117,Female,23/9/1972,osimtest117@hotmail.com,77777777,65,en,123456,,,TRUE,,TRUE,,13100007,SG
osimtest118@hotmail.com,Osimtest1@,osimtest118@hotmail.com,Mickey118,mn118,Osim118,Male,24/9/1972,osimtest118@hotmail.com,88888888,65,ch,123456,,,TRUE,,TRUE,,13100008,SG
osimtest119@hotmail.com,Osimtest1@,osimtest119@hotmail.com,Mickey119,mn119,Osim119,Female,25/9/1972,osimtest119@hotmail.com,99999999,65,en,123456,,,TRUE,,TRUE,,13100009,SG
osimtest120@hotmail.com,Osimtest1@,osimtest120@hotmail.com,Mickey120,mn120,Osim120,Male,26/9/1972,osimtest120@hotmail.com,11111112,65,ch,123456,,,TRUE,,TRUE,,13100010,SG
osimtest121@hotmail.com,Osimtest1@,osimtest121@hotmail.com,Mickey121,mn121,Osim121,Female,17/9/1972,osimtest121@hotmail.com,11111111,65,en,123456,,TRUE,,TRUE,,,13100001,SG
osimtest122@hotmail.com,Osimtest1@,osimtest122@hotmail.com,Mickey122,mn122,Osim122,Male,18/9/1972,osimtest122@hotmail.com,22222222,65,ch,123456,,TRUE,,TRUE,,,13100002,SG
osimtest123@hotmail.com,Osimtest1@,osimtest123@hotmail.com,Mickey123,mn123,Osim123,Female,19/9/1972,osimtest123@hotmail.com,33333333,65,en,123456,,TRUE,,TRUE,,,13100003,SG
osimtest124@hotmail.com,Osimtest1@,osimtest124@hotmail.com,Mickey124,mn124,Osim124,Male,20/9/1972,osimtest124@hotmail.com,44444444,65,ch,123456,,TRUE,,TRUE,,,13100004,SG
osimtest125@hotmail.com,Osimtest1@,osimtest125@hotmail.com,Mickey125,mn125,Osim125,Female,21/9/1972,osimtest125@hotmail.com,55555555,65,en,123456,,TRUE,,TRUE,,,13100005,SG
osimtest126@hotmail.com,Osimtest1@,osimtest126@hotmail.com,Mickey126,mn126,Osim126,Male,22/9/1972,osimtest126@hotmail.com,66666666,65,ch,123456,,,TRUE,,TRUE,,13100006,SG
osimtest127@hotmail.com,Osimtest1@,osimtest127@hotmail.com,Mickey127,mn127,Osim127,Female,23/9/1972,osimtest127@hotmail.com,77777777,65,en,123456,,,TRUE,,TRUE,,13100007,SG
osimtest128@hotmail.com,Osimtest1@,osimtest128@hotmail.com,Mickey128,mn128,Osim128,Male,24/9/1972,osimtest128@hotmail.com,88888888,65,ch,123456,,,TRUE,,TRUE,,13100008,SG
osimtest129@hotmail.com,Osimtest1@,osimtest129@hotmail.com,Mickey129,mn129,Osim129,Female,25/9/1972,osimtest129@hotmail.com,99999999,65,en,123456,,,TRUE,,TRUE,,13100009,SG
osimtest130@hotmail.com,Osimtest1@,osimtest130@hotmail.com,Mickey130,mn130,Osim130,Male,26/9/1972,osimtest130@hotmail.com,11111112,65,ch,123456,,,TRUE,,TRUE,,13100010,SG
osimtest131@hotmail.com,Osimtest1@,osimtest131@hotmail.com,Mickey131,mn131,Osim131,Female,17/9/1972,osimtest131@hotmail.com,11111111,65,en,123456,,TRUE,,TRUE,,,13100001,SG
osimtest132@hotmail.com,Osimtest1@,osimtest132@hotmail.com,Mickey132,mn132,Osim132,Male,18/9/1972,osimtest132@hotmail.com,22222222,65,ch,123456,,TRUE,,TRUE,,,13100002,SG
osimtest133@hotmail.com,Osimtest1@,osimtest133@hotmail.com,Mickey133,mn133,Osim133,Female,19/9/1972,osimtest133@hotmail.com,33333333,65,en,123456,,TRUE,,TRUE,,,13100003,SG
osimtest134@hotmail.com,Osimtest1@,osimtest134@hotmail.com,Mickey134,mn134,Osim134,Male,20/9/1972,osimtest134@hotmail.com,44444444,65,ch,123456,,TRUE,,TRUE,,,13100004,SG
osimtest135@hotmail.com,Osimtest1@,osimtest135@hotmail.com,Mickey135,mn135,Osim135,Female,21/9/1972,osimtest135@hotmail.com,55555555,65,en,123456,,TRUE,,TRUE,,,13100005,SG
osimtest136@hotmail.com,Osimtest1@,osimtest136@hotmail.com,Mickey136,mn136,Osim136,Male,22/9/1972,osimtest136@hotmail.com,66666666,65,ch,123456,,,TRUE,,TRUE,,13100006,SG
osimtest137@hotmail.com,Osimtest1@,osimtest137@hotmail.com,Mickey137,mn137,Osim137,Female,23/9/1972,osimtest137@hotmail.com,77777777,65,en,123456,,,TRUE,,TRUE,,13100007,SG
osimtest138@hotmail.com,Osimtest1@,osimtest138@hotmail.com,Mickey138,mn138,Osim138,Male,24/9/1972,osimtest138@hotmail.com,88888888,65,ch,123456,,,TRUE,,TRUE,,13100008,SG
osimtest139@hotmail.com,Osimtest1@,osimtest139@hotmail.com,Mickey139,mn139,Osim139,Female,25/9/1972,osimtest139@hotmail.com,99999999,65,en,123456,,,TRUE,,TRUE,,13100009,SG
osimtest140@hotmail.com,Osimtest1@,osimtest140@hotmail.com,Mickey140,mn140,Osim140,Male,26/9/1972,osimtest140@hotmail.com,11111112,65,ch,123456,,,TRUE,,TRUE,,13100010,SG
osimtest141@hotmail.com,Osimtest1@,osimtest141@hotmail.com,Mickey141,mn141,Osim141,Female,17/9/1972,osimtest141@hotmail.com,11111111,65,en,123456,,TRUE,,TRUE,,,13100001,SG
osimtest142@hotmail.com,Osimtest1@,osimtest142@hotmail.com,Mickey142,mn142,Osim142,Male,18/9/1972,osimtest142@hotmail.com,22222222,65,ch,123456,,TRUE,,TRUE,,,13100002,SG
osimtest143@hotmail.com,Osimtest1@,osimtest143@hotmail.com,Mickey143,mn143,Osim143,Female,19/9/1972,osimtest143@hotmail.com,33333333,65,en,123456,,TRUE,,TRUE,,,13100003,SG
osimtest144@hotmail.com,Osimtest1@,osimtest144@hotmail.com,Mickey144,mn144,Osim144,Male,20/9/1972,osimtest144@hotmail.com,44444444,65,ch,123456,,TRUE,,TRUE,,,13100004,SG
osimtest145@hotmail.com,Osimtest1@,osimtest145@hotmail.com,Mickey145,mn145,Osim145,Female,21/9/1972,osimtest145@hotmail.com,55555555,65,en,123456,,TRUE,,TRUE,,,13100005,SG
osimtest146@hotmail.com,Osimtest1@,osimtest146@hotmail.com,Mickey146,mn146,Osim146,Male,22/9/1972,osimtest146@hotmail.com,66666666,65,ch,123456,,,TRUE,,TRUE,,13100006,SG
osimtest147@hotmail.com,Osimtest1@,osimtest147@hotmail.com,Mickey147,mn147,Osim147,Female,23/9/1972,osimtest147@hotmail.com,77777777,65,en,123456,,,TRUE,,TRUE,,13100007,SG
osimtest148@hotmail.com,Osimtest1@,osimtest148@hotmail.com,Mickey148,mn148,Osim148,Male,24/9/1972,osimtest148@hotmail.com,88888888,65,ch,123456,,,TRUE,,TRUE,,13100008,SG
osimtest149@hotmail.com,Osimtest1@,osimtest149@hotmail.com,Mickey149,mn149,Osim149,Female,25/9/1972,osimtest149@hotmail.com,99999999,65,en,123456,,,TRUE,,TRUE,,13100009,SG
osimtest150@hotmail.com,Osimtest1@,osimtest150@hotmail.com,Mickey150,mn150,Osim150,Male,26/9/1972,osimtest150@hotmail.com,11111112,65,ch,123456,,,TRUE,,TRUE,,13100010,SG
osimtest151@hotmail.com,Osimtest1@,osimtest151@hotmail.com,Mickey151,mn151,Osim151,Female,17/9/1972,osimtest151@hotmail.com,11111111,65,en,123456,,TRUE,,TRUE,,,13100001,SG
osimtest152@hotmail.com,Osimtest1@,osimtest152@hotmail.com,Mickey152,mn152,Osim152,Male,18/9/1972,osimtest152@hotmail.com,22222222,65,ch,123456,,TRUE,,TRUE,,,13100002,SG
osimtest153@hotmail.com,Osimtest1@,osimtest153@hotmail.com,Mickey153,mn153,Osim153,Female,19/9/1972,osimtest153@hotmail.com,33333333,65,en,123456,,TRUE,,TRUE,,,13100003,SG
osimtest154@hotmail.com,Osimtest1@,osimtest154@hotmail.com,Mickey154,mn154,Osim154,Male,20/9/1972,osimtest154@hotmail.com,44444444,65,ch,123456,,TRUE,,TRUE,,,13100004,SG
osimtest155@hotmail.com,Osimtest1@,osimtest155@hotmail.com,Mickey155,mn155,Osim155,Female,21/9/1972,osimtest155@hotmail.com,55555555,65,en,123456,,TRUE,,TRUE,,,13100005,SG
osimtest156@hotmail.com,Osimtest1@,osimtest156@hotmail.com,Mickey156,mn156,Osim156,Male,22/9/1972,osimtest156@hotmail.com,66666666,65,ch,123456,,,TRUE,,TRUE,,13100006,SG
osimtest157@hotmail.com,Osimtest1@,osimtest157@hotmail.com,Mickey157,mn157,Osim157,Female,23/9/1972,osimtest157@hotmail.com,77777777,65,en,123456,,,TRUE,,TRUE,,13100007,SG
osimtest158@hotmail.com,Osimtest1@,osimtest158@hotmail.com,Mickey158,mn158,Osim158,Male,24/9/1972,osimtest158@hotmail.com,88888888,65,ch,123456,,,TRUE,,TRUE,,13100008,SG
osimtest159@hotmail.com,Osimtest1@,osimtest159@hotmail.com,Mickey159,mn159,Osim159,Female,25/9/1972,osimtest159@hotmail.com,99999999,65,en,123456,,,TRUE,,TRUE,,13100009,SG
osimtest160@hotmail.com,Osimtest1@,osimtest160@hotmail.com,Mickey160,mn160,Osim160,Male,26/9/1972,osimtest160@hotmail.com,11111112,65,ch,123456,,,TRUE,,TRUE,,13100010,SG
osimtest161@hotmail.com,Osimtest1@,osimtest161@hotmail.com,Mickey161,mn161,Osim161,Female,17/9/1972,osimtest161@hotmail.com,11111111,65,en,123456,,TRUE,,TRUE,,,13100001,SG
osimtest162@hotmail.com,Osimtest1@,osimtest162@hotmail.com,Mickey162,mn162,Osim162,Male,18/9/1972,osimtest162@hotmail.com,22222222,65,ch,123456,,TRUE,,TRUE,,,13100002,SG
osimtest163@hotmail.com,Osimtest1@,osimtest163@hotmail.com,Mickey163,mn163,Osim163,Female,19/9/1972,osimtest163@hotmail.com,33333333,65,en,123456,,TRUE,,TRUE,,,13100003,SG
osimtest164@hotmail.com,Osimtest1@,osimtest164@hotmail.com,Mickey164,mn164,Osim164,Male,20/9/1972,osimtest164@hotmail.com,44444444,65,ch,123456,,TRUE,,TRUE,,,13100004,SG
osimtest165@hotmail.com,Osimtest1@,osimtest165@hotmail.com,Mickey165,mn165,Osim165,Female,21/9/1972,osimtest165@hotmail.com,55555555,65,en,123456,,TRUE,,TRUE,,,13100005,SG
osimtest166@hotmail.com,Osimtest1@,osimtest166@hotmail.com,Mickey166,mn166,Osim166,Male,22/9/1972,osimtest166@hotmail.com,66666666,65,ch,123456,,,TRUE,,TRUE,,13100006,SG
osimtest167@hotmail.com,Osimtest1@,osimtest167@hotmail.com,Mickey167,mn167,Osim167,Female,23/9/1972,osimtest167@hotmail.com,77777777,65,en,123456,,,TRUE,,TRUE,,13100007,SG
osimtest168@hotmail.com,Osimtest1@,osimtest168@hotmail.com,Mickey168,mn168,Osim168,Male,24/9/1972,osimtest168@hotmail.com,88888888,65,ch,123456,,,TRUE,,TRUE,,13100008,SG
osimtest169@hotmail.com,Osimtest1@,osimtest169@hotmail.com,Mickey169,mn169,Osim169,Female,25/9/1972,osimtest169@hotmail.com,99999999,65,en,123456,,,TRUE,,TRUE,,13100009,SG
osimtest170@hotmail.com,Osimtest1@,osimtest170@hotmail.com,Mickey170,mn170,Osim170,Male,26/9/1972,osimtest170@hotmail.com,11111112,65,ch,123456,,,TRUE,,TRUE,,13100010,SG
osimtest171@hotmail.com,Osimtest1@,osimtest171@hotmail.com,Mickey171,mn171,Osim171,Female,17/9/1972,osimtest171@hotmail.com,11111111,65,en,123456,,TRUE,,TRUE,,,13100001,SG
osimtest172@hotmail.com,Osimtest1@,osimtest172@hotmail.com,Mickey172,mn172,Osim172,Male,18/9/1972,osimtest172@hotmail.com,22222222,65,ch,123456,,TRUE,,TRUE,,,13100002,SG
osimtest173@hotmail.com,Osimtest1@,osimtest173@hotmail.com,Mickey173,mn173,Osim173,Female,19/9/1972,osimtest173@hotmail.com,33333333,65,en,123456,,TRUE,,TRUE,,,13100003,SG
osimtest174@hotmail.com,Osimtest1@,osimtest174@hotmail.com,Mickey174,mn174,Osim174,Male,20/9/1972,osimtest174@hotmail.com,44444444,65,ch,123456,,TRUE,,TRUE,,,13100004,SG
osimtest175@hotmail.com,Osimtest1@,osimtest175@hotmail.com,Mickey175,mn175,Osim175,Female,21/9/1972,osimtest175@hotmail.com,55555555,65,en,123456,,TRUE,,TRUE,,,13100005,SG
osimtest176@hotmail.com,Osimtest1@,osimtest176@hotmail.com,Mickey176,mn176,Osim176,Male,22/9/1972,osimtest176@hotmail.com,66666666,65,ch,123456,,,TRUE,,TRUE,,13100006,SG
osimtest177@hotmail.com,Osimtest1@,osimtest177@hotmail.com,Mickey177,mn177,Osim177,Female,23/9/1972,osimtest177@hotmail.com,77777777,65,en,123456,,,TRUE,,TRUE,,13100007,SG
osimtest178@hotmail.com,Osimtest1@,osimtest178@hotmail.com,Mickey178,mn178,Osim178,Male,24/9/1972,osimtest178@hotmail.com,88888888,65,ch,123456,,,TRUE,,TRUE,,13100008,SG
osimtest179@hotmail.com,Osimtest1@,osimtest179@hotmail.com,Mickey179,mn179,Osim179,Female,25/9/1972,osimtest179@hotmail.com,99999999,65,en,123456,,,TRUE,,TRUE,,13100009,SG
osimtest180@hotmail.com,Osimtest1@,osimtest180@hotmail.com,Mickey180,mn180,Osim180,Male,26/9/1972,osimtest180@hotmail.com,11111112,65,ch,123456,,,TRUE,,TRUE,,13100010,SG
osimtest181@hotmail.com,Osimtest1@,osimtest181@hotmail.com,Mickey181,mn181,Osim181,Female,17/9/1972,osimtest181@hotmail.com,11111111,65,en,123456,,TRUE,,TRUE,,,13100001,SG
osimtest182@hotmail.com,Osimtest1@,osimtest182@hotmail.com,Mickey182,mn182,Osim182,Male,18/9/1972,osimtest182@hotmail.com,22222222,65,ch,123456,,TRUE,,TRUE,,,13100002,SG
osimtest183@hotmail.com,Osimtest1@,osimtest183@hotmail.com,Mickey183,mn183,Osim183,Female,19/9/1972,osimtest183@hotmail.com,33333333,65,en,123456,,TRUE,,TRUE,,,13100003,SG
osimtest184@hotmail.com,Osimtest1@,osimtest184@hotmail.com,Mickey184,mn184,Osim184,Male,20/9/1972,osimtest184@hotmail.com,44444444,65,ch,123456,,TRUE,,TRUE,,,13100004,SG
osimtest185@hotmail.com,Osimtest1@,osimtest185@hotmail.com,Mickey185,mn185,Osim185,Female,21/9/1972,osimtest185@hotmail.com,55555555,65,en,123456,,TRUE,,TRUE,,,13100005,SG
osimtest186@hotmail.com,Osimtest1@,osimtest186@hotmail.com,Mickey186,mn186,Osim186,Male,22/9/1972,osimtest186@hotmail.com,66666666,65,ch,123456,,,TRUE,,TRUE,,13100006,SG
osimtest187@hotmail.com,Osimtest1@,osimtest187@hotmail.com,Mickey187,mn187,Osim187,Female,23/9/1972,osimtest187@hotmail.com,77777777,65,en,123456,,,TRUE,,TRUE,,13100007,SG
osimtest188@hotmail.com,Osimtest1@,osimtest188@hotmail.com,Mickey188,mn188,Osim188,Male,24/9/1972,osimtest188@hotmail.com,88888888,65,ch,123456,,,TRUE,,TRUE,,13100008,SG
osimtest189@hotmail.com,Osimtest1@,osimtest189@hotmail.com,Mickey189,mn189,Osim189,Female,25/9/1972,osimtest189@hotmail.com,99999999,65,en,123456,,,TRUE,,TRUE,,13100009,SG
osimtest190@hotmail.com,Osimtest1@,osimtest190@hotmail.com,Mickey190,mn190,Osim190,Male,26/9/1972,osimtest190@hotmail.com,11111112,65,ch,123456,,,TRUE,,TRUE,,13100010,SG
osimtest191@hotmail.com,Osimtest1@,osimtest191@hotmail.com,Mickey191,mn191,Osim191,Female,17/9/1972,osimtest191@hotmail.com,11111111,65,en,123456,,TRUE,,TRUE,,,13100001,SG
osimtest192@hotmail.com,Osimtest1@,osimtest192@hotmail.com,Mickey192,mn192,Osim192,Male,18/9/1972,osimtest192@hotmail.com,22222222,65,ch,123456,,TRUE,,TRUE,,,13100002,SG
osimtest193@hotmail.com,Osimtest1@,osimtest193@hotmail.com,Mickey193,mn193,Osim193,Female,19/9/1972,osimtest193@hotmail.com,33333333,65,en,123456,,TRUE,,TRUE,,,13100003,SG
osimtest194@hotmail.com,Osimtest1@,osimtest194@hotmail.com,Mickey194,mn194,Osim194,Male,20/9/1972,osimtest194@hotmail.com,44444444,65,ch,123456,,TRUE,,TRUE,,,13100004,SG
osimtest195@hotmail.com,Osimtest1@,osimtest195@hotmail.com,Mickey195,mn195,Osim195,Female,21/9/1972,osimtest195@hotmail.com,55555555,65,en,123456,,TRUE,,TRUE,,,13100005,SG
osimtest196@hotmail.com,Osimtest1@,osimtest196@hotmail.com,Mickey196,mn196,Osim196,Male,22/9/1972,osimtest196@hotmail.com,66666666,65,ch,123456,,,TRUE,,TRUE,,13100006,SG
osimtest197@hotmail.com,Osimtest1@,osimtest197@hotmail.com,Mickey197,mn197,Osim197,Female,23/9/1972,osimtest197@hotmail.com,77777777,65,en,123456,,,TRUE,,TRUE,,13100007,SG
osimtest198@hotmail.com,Osimtest1@,osimtest198@hotmail.com,Mickey198,mn198,Osim198,Male,24/9/1972,osimtest198@hotmail.com,88888888,65,ch,123456,,,TRUE,,TRUE,,13100008,SG
osimtest199@hotmail.com,Osimtest1@,osimtest199@hotmail.com,Mickey199,mn199,Osim199,Female,25/9/1972,osimtest199@hotmail.com,99999999,65,en,123456,,,TRUE,,TRUE,,13100009,SG
osimtest200@hotmail.com,Osimtest1@,osimtest200@hotmail.com,Mickey200,mn200,Osim200,Male,26/9/1972,osimtest200@hotmail.com,11111112,65,ch,123456,,,TRUE,,TRUE,,13100010,SG
osimtest201@hotmail.com,Osimtest1@,osimtest201@hotmail.com,Mickey201,mn201,Osim201,Female,17/9/1972,osimtest201@hotmail.com,11111111,65,en,123456,,TRUE,,TRUE,,,13100001,SG
osimtest202@hotmail.com,Osimtest1@,osimtest202@hotmail.com,Mickey202,mn202,Osim202,Male,18/9/1972,osimtest202@hotmail.com,22222222,65,ch,123456,,TRUE,,TRUE,,,13100002,SG
osimtest203@hotmail.com,Osimtest1@,osimtest203@hotmail.com,Mickey203,mn203,Osim203,Female,19/9/1972,osimtest203@hotmail.com,33333333,65,en,123456,,TRUE,,TRUE,,,13100003,SG
osimtest204@hotmail.com,Osimtest1@,osimtest204@hotmail.com,Mickey204,mn204,Osim204,Male,20/9/1972,osimtest204@hotmail.com,44444444,65,ch,123456,,TRUE,,TRUE,,,13100004,SG
osimtest205@hotmail.com,Osimtest1@,osimtest205@hotmail.com,Mickey205,mn205,Osim205,Female,21/9/1972,osimtest205@hotmail.com,55555555,65,en,123456,,TRUE,,TRUE,,,13100005,SG
osimtest206@hotmail.com,Osimtest1@,osimtest206@hotmail.com,Mickey206,mn206,Osim206,Male,22/9/1972,osimtest206@hotmail.com,66666666,65,ch,123456,,,TRUE,,TRUE,,13100006,SG
osimtest207@hotmail.com,Osimtest1@,osimtest207@hotmail.com,Mickey207,mn207,Osim207,Female,23/9/1972,osimtest207@hotmail.com,77777777,65,en,123456,,,TRUE,,TRUE,,13100007,SG
osimtest208@hotmail.com,Osimtest1@,osimtest208@hotmail.com,Mickey208,mn208,Osim208,Male,24/9/1972,osimtest208@hotmail.com,88888888,65,ch,123456,,,TRUE,,TRUE,,13100008,SG
osimtest209@hotmail.com,Osimtest1@,osimtest209@hotmail.com,Mickey209,mn209,Osim209,Female,25/9/1972,osimtest209@hotmail.com,99999999,65,en,123456,,,TRUE,,TRUE,,13100009,SG
osimtest210@hotmail.com,Osimtest1@,osimtest210@hotmail.com,Mickey210,mn210,Osim210,Male,26/9/1972,osimtest210@hotmail.com,11111112,65,ch,123456,,,TRUE,,TRUE,,13100010,SG
osimtest211@hotmail.com,Osimtest1@,osimtest211@hotmail.com,Mickey211,mn211,Osim211,Female,17/9/1972,osimtest211@hotmail.com,11111111,65,en,123456,,TRUE,,TRUE,,,13100001,SG
osimtest212@hotmail.com,Osimtest1@,osimtest212@hotmail.com,Mickey212,mn212,Osim212,Male,18/9/1972,osimtest212@hotmail.com,22222222,65,ch,123456,,TRUE,,TRUE,,,13100002,SG
osimtest213@hotmail.com,Osimtest1@,osimtest213@hotmail.com,Mickey213,mn213,Osim213,Female,19/9/1972,osimtest213@hotmail.com,33333333,65,en,123456,,TRUE,,TRUE,,,13100003,SG
osimtest214@hotmail.com,Osimtest1@,osimtest214@hotmail.com,Mickey214,mn214,Osim214,Male,20/9/1972,osimtest214@hotmail.com,44444444,65,ch,123456,,TRUE,,TRUE,,,13100004,SG
osimtest215@hotmail.com,Osimtest1@,osimtest215@hotmail.com,Mickey215,mn215,Osim215,Female,21/9/1972,osimtest215@hotmail.com,55555555,65,en,123456,,TRUE,,TRUE,,,13100005,SG
osimtest216@hotmail.com,Osimtest1@,osimtest216@hotmail.com,Mickey216,mn216,Osim216,Male,22/9/1972,osimtest216@hotmail.com,66666666,65,ch,123456,,,TRUE,,TRUE,,13100006,SG
osimtest217@hotmail.com,Osimtest1@,osimtest217@hotmail.com,Mickey217,mn217,Osim217,Female,23/9/1972,osimtest217@hotmail.com,77777777,65,en,123456,,,TRUE,,TRUE,,13100007,SG
osimtest218@hotmail.com,Osimtest1@,osimtest218@hotmail.com,Mickey218,mn218,Osim218,Male,24/9/1972,osimtest218@hotmail.com,88888888,65,ch,123456,,,TRUE,,TRUE,,13100008,SG
osimtest219@hotmail.com,Osimtest1@,osimtest219@hotmail.com,Mickey219,mn219,Osim219,Female,25/9/1972,osimtest219@hotmail.com,99999999,65,en,123456,,,TRUE,,TRUE,,13100009,SG
osimtest220@hotmail.com,Osimtest1@,osimtest220@hotmail.com,Mickey220,mn220,Osim220,Male,26/9/1972,osimtest220@hotmail.com,11111112,65,ch,123456,,,TRUE,,TRUE,,13100010,SG
osimtest221@hotmail.com,Osimtest1@,osimtest221@hotmail.com,Mickey221,mn221,Osim221,Female,17/9/1972,osimtest221@hotmail.com,11111111,65,en,123456,,TRUE,,TRUE,,,13100001,SG
osimtest222@hotmail.com,Osimtest1@,osimtest222@hotmail.com,Mickey222,mn222,Osim222,Male,18/9/1972,osimtest222@hotmail.com,22222222,65,ch,123456,,TRUE,,TRUE,,,13100002,SG
osimtest223@hotmail.com,Osimtest1@,osimtest223@hotmail.com,Mickey223,mn223,Osim223,Female,19/9/1972,osimtest223@hotmail.com,33333333,65,en,123456,,TRUE,,TRUE,,,13100003,SG
osimtest224@hotmail.com,Osimtest1@,osimtest224@hotmail.com,Mickey224,mn224,Osim224,Male,20/9/1972,osimtest224@hotmail.com,44444444,65,ch,123456,,TRUE,,TRUE,,,13100004,SG
osimtest225@hotmail.com,Osimtest1@,osimtest225@hotmail.com,Mickey225,mn225,Osim225,Female,21/9/1972,osimtest225@hotmail.com,55555555,65,en,123456,,TRUE,,TRUE,,,13100005,SG
osimtest226@hotmail.com,Osimtest1@,osimtest226@hotmail.com,Mickey226,mn226,Osim226,Male,22/9/1972,osimtest226@hotmail.com,66666666,65,ch,123456,,,TRUE,,TRUE,,13100006,SG
osimtest227@hotmail.com,Osimtest1@,osimtest227@hotmail.com,Mickey227,mn227,Osim227,Female,23/9/1972,osimtest227@hotmail.com,77777777,65,en,123456,,,TRUE,,TRUE,,13100007,SG
osimtest228@hotmail.com,Osimtest1@,osimtest228@hotmail.com,Mickey228,mn228,Osim228,Male,24/9/1972,osimtest228@hotmail.com,88888888,65,ch,123456,,,TRUE,,TRUE,,13100008,SG
osimtest229@hotmail.com,Osimtest1@,osimtest229@hotmail.com,Mickey229,mn229,Osim229,Female,25/9/1972,osimtest229@hotmail.com,99999999,65,en,123456,,,TRUE,,TRUE,,13100009,SG
osimtest230@hotmail.com,Osimtest1@,osimtest230@hotmail.com,Mickey230,mn230,Osim230,Male,26/9/1972,osimtest230@hotmail.com,11111112,65,ch,123456,,,TRUE,,TRUE,,13100010,SG
osimtest231@hotmail.com,Osimtest1@,osimtest231@hotmail.com,Mickey231,mn231,Osim231,Female,17/9/1972,osimtest231@hotmail.com,11111111,65,en,123456,,TRUE,,TRUE,,,13100001,SG
osimtest232@hotmail.com,Osimtest1@,osimtest232@hotmail.com,Mickey232,mn232,Osim232,Male,18/9/1972,osimtest232@hotmail.com,22222222,65,ch,123456,,TRUE,,TRUE,,,13100002,SG
osimtest233@hotmail.com,Osimtest1@,osimtest233@hotmail.com,Mickey233,mn233,Osim233,Female,19/9/1972,osimtest233@hotmail.com,33333333,65,en,123456,,TRUE,,TRUE,,,13100003,SG
osimtest234@hotmail.com,Osimtest1@,osimtest234@hotmail.com,Mickey234,mn234,Osim234,Male,20/9/1972,osimtest234@hotmail.com,44444444,65,ch,123456,,TRUE,,TRUE,,,13100004,SG
osimtest235@hotmail.com,Osimtest1@,osimtest235@hotmail.com,Mickey235,mn235,Osim235,Female,21/9/1972,osimtest235@hotmail.com,55555555,65,en,123456,,TRUE,,TRUE,,,13100005,SG
osimtest236@hotmail.com,Osimtest1@,osimtest236@hotmail.com,Mickey236,mn236,Osim236,Male,22/9/1972,osimtest236@hotmail.com,66666666,65,ch,123456,,,TRUE,,TRUE,,13100006,SG
osimtest237@hotmail.com,Osimtest1@,osimtest237@hotmail.com,Mickey237,mn237,Osim237,Female,23/9/1972,osimtest237@hotmail.com,77777777,65,en,123456,,,TRUE,,TRUE,,13100007,SG
osimtest238@hotmail.com,Osimtest1@,osimtest238@hotmail.com,Mickey238,mn238,Osim238,Male,24/9/1972,osimtest238@hotmail.com,88888888,65,ch,123456,,,TRUE,,TRUE,,13100008,SG
osimtest239@hotmail.com,Osimtest1@,osimtest239@hotmail.com,Mickey239,mn239,Osim239,Female,25/9/1972,osimtest239@hotmail.com,99999999,65,en,123456,,,TRUE,,TRUE,,13100009,SG
osimtest240@hotmail.com,Osimtest1@,osimtest240@hotmail.com,Mickey240,mn240,Osim240,Male,26/9/1972,osimtest240@hotmail.com,11111112,65,ch,123456,,,TRUE,,TRUE,,13100010,SG
osimtest241@hotmail.com,Osimtest1@,osimtest241@hotmail.com,Mickey241,mn241,Osim241,Female,17/9/1972,osimtest241@hotmail.com,11111111,65,en,123456,,TRUE,,TRUE,,,13100001,SG
osimtest242@hotmail.com,Osimtest1@,osimtest242@hotmail.com,Mickey242,mn242,Osim242,Male,18/9/1972,osimtest242@hotmail.com,22222222,65,ch,123456,,TRUE,,TRUE,,,13100002,SG
osimtest243@hotmail.com,Osimtest1@,osimtest243@hotmail.com,Mickey243,mn243,Osim243,Female,19/9/1972,osimtest243@hotmail.com,33333333,65,en,123456,,TRUE,,TRUE,,,13100003,SG
osimtest244@hotmail.com,Osimtest1@,osimtest244@hotmail.com,Mickey244,mn244,Osim244,Male,20/9/1972,osimtest244@hotmail.com,44444444,65,ch,123456,,TRUE,,TRUE,,,13100004,SG
osimtest245@hotmail.com,Osimtest1@,osimtest245@hotmail.com,Mickey245,mn245,Osim245,Female,21/9/1972,osimtest245@hotmail.com,55555555,65,en,123456,,TRUE,,TRUE,,,13100005,SG
osimtest246@hotmail.com,Osimtest1@,osimtest246@hotmail.com,Mickey246,mn246,Osim246,Male,22/9/1972,osimtest246@hotmail.com,66666666,65,ch,123456,,,TRUE,,TRUE,,13100006,SG
osimtest247@hotmail.com,Osimtest1@,osimtest247@hotmail.com,Mickey247,mn247,Osim247,Female,23/9/1972,osimtest247@hotmail.com,77777777,65,en,123456,,,TRUE,,TRUE,,13100007,SG
osimtest248@hotmail.com,Osimtest1@,osimtest248@hotmail.com,Mickey248,mn248,Osim248,Male,24/9/1972,osimtest248@hotmail.com,88888888,65,ch,123456,,,TRUE,,TRUE,,13100008,SG
osimtest249@hotmail.com,Osimtest1@,osimtest249@hotmail.com,Mickey249,mn249,Osim249,Female,25/9/1972,osimtest249@hotmail.com,99999999,65,en,123456,,,TRUE,,TRUE,,13100009,SG
osimtest250@hotmail.com,Osimtest1@,osimtest250@hotmail.com,Mickey250,mn250,Osim250,Male,26/9/1972,osimtest250@hotmail.com,11111112,65,ch,123456,,,TRUE,,TRUE,,13100010,SG
osimtest251@hotmail.com,Osimtest1@,osimtest251@hotmail.com,Mickey251,mn251,Osim251,Female,17/9/1972,osimtest251@hotmail.com,11111111,65,en,123456,,TRUE,,TRUE,,,13100001,SG
osimtest252@hotmail.com,Osimtest1@,osimtest252@hotmail.com,Mickey252,mn252,Osim252,Male,18/9/1972,osimtest252@hotmail.com,22222222,65,ch,123456,,TRUE,,TRUE,,,13100002,SG
osimtest253@hotmail.com,Osimtest1@,osimtest253@hotmail.com,Mickey253,mn253,Osim253,Female,19/9/1972,osimtest253@hotmail.com,33333333,65,en,123456,,TRUE,,TRUE,,,13100003,SG
osimtest254@hotmail.com,Osimtest1@,osimtest254@hotmail.com,Mickey254,mn254,Osim254,Male,20/9/1972,osimtest254@hotmail.com,44444444,65,ch,123456,,TRUE,,TRUE,,,13100004,SG
osimtest255@hotmail.com,Osimtest1@,osimtest255@hotmail.com,Mickey255,mn255,Osim255,Female,21/9/1972,osimtest255@hotmail.com,55555555,65,en,123456,,TRUE,,TRUE,,,13100005,SG
osimtest256@hotmail.com,Osimtest1@,osimtest256@hotmail.com,Mickey256,mn256,Osim256,Male,22/9/1972,osimtest256@hotmail.com,66666666,65,ch,123456,,,TRUE,,TRUE,,13100006,SG
osimtest257@hotmail.com,Osimtest1@,osimtest257@hotmail.com,Mickey257,mn257,Osim257,Female,23/9/1972,osimtest257@hotmail.com,77777777,65,en,123456,,,TRUE,,TRUE,,13100007,SG
osimtest258@hotmail.com,Osimtest1@,osimtest258@hotmail.com,Mickey258,mn258,Osim258,Male,24/9/1972,osimtest258@hotmail.com,88888888,65,ch,123456,,,TRUE,,TRUE,,13100008,SG
osimtest259@hotmail.com,Osimtest1@,osimtest259@hotmail.com,Mickey259,mn259,Osim259,Female,25/9/1972,osimtest259@hotmail.com,99999999,65,en,123456,,,TRUE,,TRUE,,13100009,SG
osimtest260@hotmail.com,Osimtest1@,osimtest260@hotmail.com,Mickey260,mn260,Osim260,Male,26/9/1972,osimtest260@hotmail.com,11111112,65,ch,123456,,,TRUE,,TRUE,,13100010,SG
osimtest261@hotmail.com,Osimtest1@,osimtest261@hotmail.com,Mickey261,mn261,Osim261,Female,17/9/1972,osimtest261@hotmail.com,11111111,65,en,123456,,TRUE,,TRUE,,,13100001,SG
osimtest262@hotmail.com,Osimtest1@,osimtest262@hotmail.com,Mickey262,mn262,Osim262,Male,18/9/1972,osimtest262@hotmail.com,22222222,65,ch,123456,,TRUE,,TRUE,,,13100002,SG
osimtest263@hotmail.com,Osimtest1@,osimtest263@hotmail.com,Mickey263,mn263,Osim263,Female,19/9/1972,osimtest263@hotmail.com,33333333,65,en,123456,,TRUE,,TRUE,,,13100003,SG
osimtest264@hotmail.com,Osimtest1@,osimtest264@hotmail.com,Mickey264,mn264,Osim264,Male,20/9/1972,osimtest264@hotmail.com,44444444,65,ch,123456,,TRUE,,TRUE,,,13100004,SG
osimtest265@hotmail.com,Osimtest1@,osimtest265@hotmail.com,Mickey265,mn265,Osim265,Female,21/9/1972,osimtest265@hotmail.com,55555555,65,en,123456,,TRUE,,TRUE,,,13100005,SG
osimtest266@hotmail.com,Osimtest1@,osimtest266@hotmail.com,Mickey266,mn266,Osim266,Male,22/9/1972,osimtest266@hotmail.com,66666666,65,ch,123456,,,TRUE,,TRUE,,13100006,SG
osimtest267@hotmail.com,Osimtest1@,osimtest267@hotmail.com,Mickey267,mn267,Osim267,Female,23/9/1972,osimtest267@hotmail.com,77777777,65,en,123456,,,TRUE,,TRUE,,13100007,SG
osimtest268@hotmail.com,Osimtest1@,osimtest268@hotmail.com,Mickey268,mn268,Osim268,Male,24/9/1972,osimtest268@hotmail.com,88888888,65,ch,123456,,,TRUE,,TRUE,,13100008,SG
osimtest269@hotmail.com,Osimtest1@,osimtest269@hotmail.com,Mickey269,mn269,Osim269,Female,25/9/1972,osimtest269@hotmail.com,99999999,65,en,123456,,,TRUE,,TRUE,,13100009,SG
osimtest270@hotmail.com,Osimtest1@,osimtest270@hotmail.com,Mickey270,mn270,Osim270,Male,26/9/1972,osimtest270@hotmail.com,11111112,65,ch,123456,,,TRUE,,TRUE,,13100010,SG
osimtest271@hotmail.com,Osimtest1@,osimtest271@hotmail.com,Mickey271,mn271,Osim271,Female,17/9/1972,osimtest271@hotmail.com,11111111,65,en,123456,,TRUE,,TRUE,,,13100001,SG
osimtest272@hotmail.com,Osimtest1@,osimtest272@hotmail.com,Mickey272,mn272,Osim272,Male,18/9/1972,osimtest272@hotmail.com,22222222,65,ch,123456,,TRUE,,TRUE,,,13100002,SG
osimtest273@hotmail.com,Osimtest1@,osimtest273@hotmail.com,Mickey273,mn273,Osim273,Female,19/9/1972,osimtest273@hotmail.com,33333333,65,en,123456,,TRUE,,TRUE,,,13100003,SG
osimtest274@hotmail.com,Osimtest1@,osimtest274@hotmail.com,Mickey274,mn274,Osim274,Male,20/9/1972,osimtest274@hotmail.com,44444444,65,ch,123456,,TRUE,,TRUE,,,13100004,SG
osimtest275@hotmail.com,Osimtest1@,osimtest275@hotmail.com,Mickey275,mn275,Osim275,Female,21/9/1972,osimtest275@hotmail.com,55555555,65,en,123456,,TRUE,,TRUE,,,13100005,SG
osimtest276@hotmail.com,Osimtest1@,osimtest276@hotmail.com,Mickey276,mn276,Osim276,Male,22/9/1972,osimtest276@hotmail.com,66666666,65,ch,123456,,,TRUE,,TRUE,,13100006,SG
osimtest277@hotmail.com,Osimtest1@,osimtest277@hotmail.com,Mickey277,mn277,Osim277,Female,23/9/1972,osimtest277@hotmail.com,77777777,65,en,123456,,,TRUE,,TRUE,,13100007,SG
osimtest278@hotmail.com,Osimtest1@,osimtest278@hotmail.com,Mickey278,mn278,Osim278,Male,24/9/1972,osimtest278@hotmail.com,88888888,65,ch,123456,,,TRUE,,TRUE,,13100008,SG
osimtest279@hotmail.com,Osimtest1@,osimtest279@hotmail.com,Mickey279,mn279,Osim279,Female,25/9/1972,osimtest279@hotmail.com,99999999,65,en,123456,,,TRUE,,TRUE,,13100009,SG
osimtest280@hotmail.com,Osimtest1@,osimtest280@hotmail.com,Mickey280,mn280,Osim280,Male,26/9/1972,osimtest280@hotmail.com,11111112,65,ch,123456,,,TRUE,,TRUE,,13100010,SG
osimtest281@hotmail.com,Osimtest1@,osimtest281@hotmail.com,Mickey281,mn281,Osim281,Female,17/9/1972,osimtest281@hotmail.com,11111111,65,en,123456,,TRUE,,TRUE,,,13100001,SG
osimtest282@hotmail.com,Osimtest1@,osimtest282@hotmail.com,Mickey282,mn282,Osim282,Male,18/9/1972,osimtest282@hotmail.com,22222222,65,ch,123456,,TRUE,,TRUE,,,13100002,SG
osimtest283@hotmail.com,Osimtest1@,osimtest283@hotmail.com,Mickey283,mn283,Osim283,Female,19/9/1972,osimtest283@hotmail.com,33333333,65,en,123456,,TRUE,,TRUE,,,13100003,SG
osimtest284@hotmail.com,Osimtest1@,osimtest284@hotmail.com,Mickey284,mn284,Osim284,Male,20/9/1972,osimtest284@hotmail.com,44444444,65,ch,123456,,TRUE,,TRUE,,,13100004,SG
osimtest285@hotmail.com,Osimtest1@,osimtest285@hotmail.com,Mickey285,mn285,Osim285,Female,21/9/1972,osimtest285@hotmail.com,55555555,65,en,123456,,TRUE,,TRUE,,,13100005,SG
osimtest286@hotmail.com,Osimtest1@,osimtest286@hotmail.com,Mickey286,mn286,Osim286,Male,22/9/1972,osimtest286@hotmail.com,66666666,65,ch,123456,,,TRUE,,TRUE,,13100006,SG
osimtest287@hotmail.com,Osimtest1@,osimtest287@hotmail.com,Mickey287,mn287,Osim287,Female,23/9/1972,osimtest287@hotmail.com,77777777,65,en,123456,,,TRUE,,TRUE,,13100007,SG
osimtest288@hotmail.com,Osimtest1@,osimtest288@hotmail.com,Mickey288,mn288,Osim288,Male,24/9/1972,osimtest288@hotmail.com,88888888,65,ch,123456,,,TRUE,,TRUE,,13100008,SG
osimtest289@hotmail.com,Osimtest1@,osimtest289@hotmail.com,Mickey289,mn289,Osim289,Female,25/9/1972,osimtest289@hotmail.com,99999999,65,en,123456,,,TRUE,,TRUE,,13100009,SG
osimtest290@hotmail.com,Osimtest1@,osimtest290@hotmail.com,Mickey290,mn290,Osim290,Male,26/9/1972,osimtest290@hotmail.com,11111112,65,ch,123456,,,TRUE,,TRUE,,13100010,SG
osimtest291@hotmail.com,Osimtest1@,osimtest291@hotmail.com,Mickey291,mn291,Osim291,Female,17/9/1972,osimtest291@hotmail.com,11111111,65,en,123456,,TRUE,,TRUE,,,13100001,SG
osimtest292@hotmail.com,Osimtest1@,osimtest292@hotmail.com,Mickey292,mn292,Osim292,Male,18/9/1972,osimtest292@hotmail.com,22222222,65,ch,123456,,TRUE,,TRUE,,,13100002,SG
osimtest293@hotmail.com,Osimtest1@,osimtest293@hotmail.com,Mickey293,mn293,Osim293,Female,19/9/1972,osimtest293@hotmail.com,33333333,65,en,123456,,TRUE,,TRUE,,,13100003,SG
osimtest294@hotmail.com,Osimtest1@,osimtest294@hotmail.com,Mickey294,mn294,Osim294,Male,20/9/1972,osimtest294@hotmail.com,44444444,65,ch,123456,,TRUE,,TRUE,,,13100004,SG
osimtest295@hotmail.com,Osimtest1@,osimtest295@hotmail.com,Mickey295,mn295,Osim295,Female,21/9/1972,osimtest295@hotmail.com,55555555,65,en,123456,,TRUE,,TRUE,,,13100005,SG
osimtest296@hotmail.com,Osimtest1@,osimtest296@hotmail.com,Mickey296,mn296,Osim296,Male,22/9/1972,osimtest296@hotmail.com,66666666,65,ch,123456,,,TRUE,,TRUE,,13100006,SG
osimtest297@hotmail.com,Osimtest1@,osimtest297@hotmail.com,Mickey297,mn297,Osim297,Female,23/9/1972,osimtest297@hotmail.com,77777777,65,en,123456,,,TRUE,,TRUE,,13100007,SG
osimtest298@hotmail.com,Osimtest1@,osimtest298@hotmail.com,Mickey298,mn298,Osim298,Male,24/9/1972,osimtest298@hotmail.com,88888888,65,ch,123456,,,TRUE,,TRUE,,13100008,SG
osimtest299@hotmail.com,Osimtest1@,osimtest299@hotmail.com,Mickey299,mn299,Osim299,Female,25/9/1972,osimtest299@hotmail.com,99999999,65,en,123456,,,TRUE,,TRUE,,13100009,SG
osimtest300@hotmail.com,Osimtest1@,osimtest300@hotmail.com,Mickey300,mn300,Osim300,Male,26/9/1972,osimtest300@hotmail.com,11111112,65,ch,123456,,,TRUE,,TRUE,,13100010,SG
osimtest301@hotmail.com,Osimtest1@,osimtest301@hotmail.com,Mickey301,mn301,Osim301,Female,17/9/1972,osimtest301@hotmail.com,11111111,65,en,123456,,TRUE,,TRUE,,,13100001,SG
osimtest302@hotmail.com,Osimtest1@,osimtest302@hotmail.com,Mickey302,mn302,Osim302,Male,18/9/1972,osimtest302@hotmail.com,22222222,65,ch,123456,,TRUE,,TRUE,,,13100002,SG
osimtest303@hotmail.com,Osimtest1@,osimtest303@hotmail.com,Mickey303,mn303,Osim303,Female,19/9/1972,osimtest303@hotmail.com,33333333,65,en,123456,,TRUE,,TRUE,,,13100003,SG
osimtest304@hotmail.com,Osimtest1@,osimtest304@hotmail.com,Mickey304,mn304,Osim304,Male,20/9/1972,osimtest304@hotmail.com,44444444,65,ch,123456,,TRUE,,TRUE,,,13100004,SG
osimtest305@hotmail.com,Osimtest1@,osimtest305@hotmail.com,Mickey305,mn305,Osim305,Female,21/9/1972,osimtest305@hotmail.com,55555555,65,en,123456,,TRUE,,TRUE,,,13100005,SG
osimtest306@hotmail.com,Osimtest1@,osimtest306@hotmail.com,Mickey306,mn306,Osim306,Male,22/9/1972,osimtest306@hotmail.com,66666666,65,ch,123456,,,TRUE,,TRUE,,13100006,SG
osimtest307@hotmail.com,Osimtest1@,osimtest307@hotmail.com,Mickey307,mn307,Osim307,Female,23/9/1972,osimtest307@hotmail.com,77777777,65,en,123456,,,TRUE,,TRUE,,13100007,SG
osimtest308@hotmail.com,Osimtest1@,osimtest308@hotmail.com,Mickey308,mn308,Osim308,Male,24/9/1972,osimtest308@hotmail.com,88888888,65,ch,123456,,,TRUE,,TRUE,,13100008,SG
osimtest309@hotmail.com,Osimtest1@,osimtest309@hotmail.com,Mickey309,mn309,Osim309,Female,25/9/1972,osimtest309@hotmail.com,99999999,65,en,123456,,,TRUE,,TRUE,,13100009,SG
osimtest310@hotmail.com,Osimtest1@,osimtest310@hotmail.com,Mickey310,mn310,Osim310,Male,26/9/1972,osimtest310@hotmail.com,11111112,65,ch,123456,,,TRUE,,TRUE,,13100010,SG
osimtest311@hotmail.com,Osimtest1@,osimtest311@hotmail.com,Mickey311,mn311,Osim311,Female,17/9/1972,osimtest311@hotmail.com,11111111,65,en,123456,,TRUE,,TRUE,,,13100001,SG
osimtest312@hotmail.com,Osimtest1@,osimtest312@hotmail.com,Mickey312,mn312,Osim312,Male,18/9/1972,osimtest312@hotmail.com,22222222,65,ch,123456,,TRUE,,TRUE,,,13100002,SG
osimtest313@hotmail.com,Osimtest1@,osimtest313@hotmail.com,Mickey313,mn313,Osim313,Female,19/9/1972,osimtest313@hotmail.com,33333333,65,en,123456,,TRUE,,TRUE,,,13100003,SG
osimtest314@hotmail.com,Osimtest1@,osimtest314@hotmail.com,Mickey314,mn314,Osim314,Male,20/9/1972,osimtest314@hotmail.com,44444444,65,ch,123456,,TRUE,,TRUE,,,13100004,SG
osimtest315@hotmail.com,Osimtest1@,osimtest315@hotmail.com,Mickey315,mn315,Osim315,Female,21/9/1972,osimtest315@hotmail.com,55555555,65,en,123456,,TRUE,,TRUE,,,13100005,SG
osimtest316@hotmail.com,Osimtest1@,osimtest316@hotmail.com,Mickey316,mn316,Osim316,Male,22/9/1972,osimtest316@hotmail.com,66666666,65,ch,123456,,,TRUE,,TRUE,,13100006,SG
osimtest317@hotmail.com,Osimtest1@,osimtest317@hotmail.com,Mickey317,mn317,Osim317,Female,23/9/1972,osimtest317@hotmail.com,77777777,65,en,123456,,,TRUE,,TRUE,,13100007,SG
osimtest318@hotmail.com,Osimtest1@,osimtest318@hotmail.com,Mickey318,mn318,Osim318,Male,24/9/1972,osimtest318@hotmail.com,88888888,65,ch,123456,,,TRUE,,TRUE,,13100008,SG
osimtest319@hotmail.com,Osimtest1@,osimtest319@hotmail.com,Mickey319,mn319,Osim319,Female,25/9/1972,osimtest319@hotmail.com,99999999,65,en,123456,,,TRUE,,TRUE,,13100009,SG
osimtest320@hotmail.com,Osimtest1@,osimtest320@hotmail.com,Mickey320,mn320,Osim320,Male,26/9/1972,osimtest320@hotmail.com,11111112,65,ch,123456,,,TRUE,,TRUE,,13100010,SG
osimtest321@hotmail.com,Osimtest1@,osimtest321@hotmail.com,Mickey321,mn321,Osim321,Female,17/9/1972,osimtest321@hotmail.com,11111111,65,en,123456,,TRUE,,TRUE,,,13100001,SG
osimtest322@hotmail.com,Osimtest1@,osimtest322@hotmail.com,Mickey322,mn322,Osim322,Male,18/9/1972,osimtest322@hotmail.com,22222222,65,ch,123456,,TRUE,,TRUE,,,13100002,SG
osimtest323@hotmail.com,Osimtest1@,osimtest323@hotmail.com,Mickey323,mn323,Osim323,Female,19/9/1972,osimtest323@hotmail.com,33333333,65,en,123456,,TRUE,,TRUE,,,13100003,SG
osimtest324@hotmail.com,Osimtest1@,osimtest324@hotmail.com,Mickey324,mn324,Osim324,Male,20/9/1972,osimtest324@hotmail.com,44444444,65,ch,123456,,TRUE,,TRUE,,,13100004,SG
osimtest325@hotmail.com,Osimtest1@,osimtest325@hotmail.com,Mickey325,mn325,Osim325,Female,21/9/1972,osimtest325@hotmail.com,55555555,65,en,123456,,TRUE,,TRUE,,,13100005,SG
osimtest326@hotmail.com,Osimtest1@,osimtest326@hotmail.com,Mickey326,mn326,Osim326,Male,22/9/1972,osimtest326@hotmail.com,66666666,65,ch,123456,,,TRUE,,TRUE,,13100006,SG
osimtest327@hotmail.com,Osimtest1@,osimtest327@hotmail.com,Mickey327,mn327,Osim327,Female,23/9/1972,osimtest327@hotmail.com,77777777,65,en,123456,,,TRUE,,TRUE,,13100007,SG
osimtest328@hotmail.com,Osimtest1@,osimtest328@hotmail.com,Mickey328,mn328,Osim328,Male,24/9/1972,osimtest328@hotmail.com,88888888,65,ch,123456,,,TRUE,,TRUE,,13100008,SG
osimtest329@hotmail.com,Osimtest1@,osimtest329@hotmail.com,Mickey329,mn329,Osim329,Female,25/9/1972,osimtest329@hotmail.com,99999999,65,en,123456,,,TRUE,,TRUE,,13100009,SG
osimtest330@hotmail.com,Osimtest1@,osimtest330@hotmail.com,Mickey330,mn330,Osim330,Male,26/9/1972,osimtest330@hotmail.com,11111112,65,ch,123456,,,TRUE,,TRUE,,13100010,SG
osimtest331@hotmail.com,Osimtest1@,osimtest331@hotmail.com,Mickey331,mn331,Osim331,Female,17/9/1972,osimtest331@hotmail.com,11111111,65,en,123456,,TRUE,,TRUE,,,13100001,SG
osimtest332@hotmail.com,Osimtest1@,osimtest332@hotmail.com,Mickey332,mn332,Osim332,Male,18/9/1972,osimtest332@hotmail.com,22222222,65,ch,123456,,TRUE,,TRUE,,,13100002,SG
osimtest333@hotmail.com,Osimtest1@,osimtest333@hotmail.com,Mickey333,mn333,Osim333,Female,19/9/1972,osimtest333@hotmail.com,33333333,65,en,123456,,TRUE,,TRUE,,,13100003,SG
osimtest334@hotmail.com,Osimtest1@,osimtest334@hotmail.com,Mickey334,mn334,Osim334,Male,20/9/1972,osimtest334@hotmail.com,44444444,65,ch,123456,,TRUE,,TRUE,,,13100004,SG
osimtest335@hotmail.com,Osimtest1@,osimtest335@hotmail.com,Mickey335,mn335,Osim335,Female,21/9/1972,osimtest335@hotmail.com,55555555,65,en,123456,,TRUE,,TRUE,,,13100005,SG
osimtest336@hotmail.com,Osimtest1@,osimtest336@hotmail.com,Mickey336,mn336,Osim336,Male,22/9/1972,osimtest336@hotmail.com,66666666,65,ch,123456,,,TRUE,,TRUE,,13100006,SG
osimtest337@hotmail.com,Osimtest1@,osimtest337@hotmail.com,Mickey337,mn337,Osim337,Female,23/9/1972,osimtest337@hotmail.com,77777777,65,en,123456,,,TRUE,,TRUE,,13100007,SG
osimtest338@hotmail.com,Osimtest1@,osimtest338@hotmail.com,Mickey338,mn338,Osim338,Male,24/9/1972,osimtest338@hotmail.com,88888888,65,ch,123456,,,TRUE,,TRUE,,13100008,SG
osimtest339@hotmail.com,Osimtest1@,osimtest339@hotmail.com,Mickey339,mn339,Osim339,Female,25/9/1972,osimtest339@hotmail.com,99999999,65,en,123456,,,TRUE,,TRUE,,13100009,SG
osimtest340@hotmail.com,Osimtest1@,osimtest340@hotmail.com,Mickey340,mn340,Osim340,Male,26/9/1972,osimtest340@hotmail.com,11111112,65,ch,123456,,,TRUE,,TRUE,,13100010,SG
osimtest341@hotmail.com,Osimtest1@,osimtest341@hotmail.com,Mickey341,mn341,Osim341,Female,17/9/1972,osimtest341@hotmail.com,11111111,65,en,123456,,TRUE,,TRUE,,,13100001,SG
osimtest342@hotmail.com,Osimtest1@,osimtest342@hotmail.com,Mickey342,mn342,Osim342,Male,18/9/1972,osimtest342@hotmail.com,22222222,65,ch,123456,,TRUE,,TRUE,,,13100002,SG
osimtest343@hotmail.com,Osimtest1@,osimtest343@hotmail.com,Mickey343,mn343,Osim343,Female,19/9/1972,osimtest343@hotmail.com,33333333,65,en,123456,,TRUE,,TRUE,,,13100003,SG
osimtest344@hotmail.com,Osimtest1@,osimtest344@hotmail.com,Mickey344,mn344,Osim344,Male,20/9/1972,osimtest344@hotmail.com,44444444,65,ch,123456,,TRUE,,TRUE,,,13100004,SG
osimtest345@hotmail.com,Osimtest1@,osimtest345@hotmail.com,Mickey345,mn345,Osim345,Female,21/9/1972,osimtest345@hotmail.com,55555555,65,en,123456,,TRUE,,TRUE,,,13100005,SG
osimtest346@hotmail.com,Osimtest1@,osimtest346@hotmail.com,Mickey346,mn346,Osim346,Male,22/9/1972,osimtest346@hotmail.com,66666666,65,ch,123456,,,TRUE,,TRUE,,13100006,SG
osimtest347@hotmail.com,Osimtest1@,osimtest347@hotmail.com,Mickey347,mn347,Osim347,Female,23/9/1972,osimtest347@hotmail.com,77777777,65,en,123456,,,TRUE,,TRUE,,13100007,SG
osimtest348@hotmail.com,Osimtest1@,osimtest348@hotmail.com,Mickey348,mn348,Osim348,Male,24/9/1972,osimtest348@hotmail.com,88888888,65,ch,123456,,,TRUE,,TRUE,,13100008,SG
osimtest349@hotmail.com,Osimtest1@,osimtest349@hotmail.com,Mickey349,mn349,Osim349,Female,25/9/1972,osimtest349@hotmail.com,99999999,65,en,123456,,,TRUE,,TRUE,,13100009,SG
osimtest350@hotmail.com,Osimtest1@,osimtest350@hotmail.com,Mickey350,mn350,Osim350,Male,26/9/1972,osimtest350@hotmail.com,11111112,65,ch,123456,,,TRUE,,TRUE,,13100010,SG
osimtest351@hotmail.com,Osimtest1@,osimtest351@hotmail.com,Mickey351,mn351,Osim351,Female,17/9/1972,osimtest351@hotmail.com,11111111,65,en,123456,,TRUE,,TRUE,,,13100001,SG
osimtest352@hotmail.com,Osimtest1@,osimtest352@hotmail.com,Mickey352,mn352,Osim352,Male,18/9/1972,osimtest352@hotmail.com,22222222,65,ch,123456,,TRUE,,TRUE,,,13100002,SG
osimtest353@hotmail.com,Osimtest1@,osimtest353@hotmail.com,Mickey353,mn353,Osim353,Female,19/9/1972,osimtest353@hotmail.com,33333333,65,en,123456,,TRUE,,TRUE,,,13100003,SG
osimtest354@hotmail.com,Osimtest1@,osimtest354@hotmail.com,Mickey354,mn354,Osim354,Male,20/9/1972,osimtest354@hotmail.com,44444444,65,ch,123456,,TRUE,,TRUE,,,13100004,SG
osimtest355@hotmail.com,Osimtest1@,osimtest355@hotmail.com,Mickey355,mn355,Osim355,Female,21/9/1972,osimtest355@hotmail.com,55555555,65,en,123456,,TRUE,,TRUE,,,13100005,SG
osimtest356@hotmail.com,Osimtest1@,osimtest356@hotmail.com,Mickey356,mn356,Osim356,Male,22/9/1972,osimtest356@hotmail.com,66666666,65,ch,123456,,,TRUE,,TRUE,,13100006,SG
osimtest357@hotmail.com,Osimtest1@,osimtest357@hotmail.com,Mickey357,mn357,Osim357,Female,23/9/1972,osimtest357@hotmail.com,77777777,65,en,123456,,,TRUE,,TRUE,,13100007,SG
osimtest358@hotmail.com,Osimtest1@,osimtest358@hotmail.com,Mickey358,mn358,Osim358,Male,24/9/1972,osimtest358@hotmail.com,88888888,65,ch,123456,,,TRUE,,TRUE,,13100008,SG
osimtest359@hotmail.com,Osimtest1@,osimtest359@hotmail.com,Mickey359,mn359,Osim359,Female,25/9/1972,osimtest359@hotmail.com,99999999,65,en,123456,,,TRUE,,TRUE,,13100009,SG
osimtest360@hotmail.com,Osimtest1@,osimtest360@hotmail.com,Mickey360,mn360,Osim360,Male,26/9/1972,osimtest360@hotmail.com,11111112,65,ch,123456,,,TRUE,,TRUE,,13100010,SG
osimtest361@hotmail.com,Osimtest1@,osimtest361@hotmail.com,Mickey361,mn361,Osim361,Female,17/9/1972,osimtest361@hotmail.com,11111111,65,en,123456,,TRUE,,TRUE,,,13100001,SG
osimtest362@hotmail.com,Osimtest1@,osimtest362@hotmail.com,Mickey362,mn362,Osim362,Male,18/9/1972,osimtest362@hotmail.com,22222222,65,ch,123456,,TRUE,,TRUE,,,13100002,SG
osimtest363@hotmail.com,Osimtest1@,osimtest363@hotmail.com,Mickey363,mn363,Osim363,Female,19/9/1972,osimtest363@hotmail.com,33333333,65,en,123456,,TRUE,,TRUE,,,13100003,SG
osimtest364@hotmail.com,Osimtest1@,osimtest364@hotmail.com,Mickey364,mn364,Osim364,Male,20/9/1972,osimtest364@hotmail.com,44444444,65,ch,123456,,TRUE,,TRUE,,,13100004,SG
osimtest365@hotmail.com,Osimtest1@,osimtest365@hotmail.com,Mickey365,mn365,Osim365,Female,21/9/1972,osimtest365@hotmail.com,55555555,65,en,123456,,TRUE,,TRUE,,,13100005,SG
osimtest366@hotmail.com,Osimtest1@,osimtest366@hotmail.com,Mickey366,mn366,Osim366,Male,22/9/1972,osimtest366@hotmail.com,66666666,65,ch,123456,,,TRUE,,TRUE,,13100006,SG
osimtest367@hotmail.com,Osimtest1@,osimtest367@hotmail.com,Mickey367,mn367,Osim367,Female,23/9/1972,osimtest367@hotmail.com,77777777,65,en,123456,,,TRUE,,TRUE,,13100007,SG
osimtest368@hotmail.com,Osimtest1@,osimtest368@hotmail.com,Mickey368,mn368,Osim368,Male,24/9/1972,osimtest368@hotmail.com,88888888,65,ch,123456,,,TRUE,,TRUE,,13100008,SG
osimtest369@hotmail.com,Osimtest1@,osimtest369@hotmail.com,Mickey369,mn369,Osim369,Female,25/9/1972,osimtest369@hotmail.com,99999999,65,en,123456,,,TRUE,,TRUE,,13100009,SG
osimtest370@hotmail.com,Osimtest1@,osimtest370@hotmail.com,Mickey370,mn370,Osim370,Male,26/9/1972,osimtest370@hotmail.com,11111112,65,ch,123456,,,TRUE,,TRUE,,13100010,SG
osimtest371@hotmail.com,Osimtest1@,osimtest371@hotmail.com,Mickey371,mn371,Osim371,Female,17/9/1972,osimtest371@hotmail.com,11111111,65,en,123456,,TRUE,,TRUE,,,13100001,SG
osimtest372@hotmail.com,Osimtest1@,osimtest372@hotmail.com,Mickey372,mn372,Osim372,Male,18/9/1972,osimtest372@hotmail.com,22222222,65,ch,123456,,TRUE,,TRUE,,,13100002,SG
osimtest373@hotmail.com,Osimtest1@,osimtest373@hotmail.com,Mickey373,mn373,Osim373,Female,19/9/1972,osimtest373@hotmail.com,33333333,65,en,123456,,TRUE,,TRUE,,,13100003,SG
osimtest374@hotmail.com,Osimtest1@,osimtest374@hotmail.com,Mickey374,mn374,Osim374,Male,20/9/1972,osimtest374@hotmail.com,44444444,65,ch,123456,,TRUE,,TRUE,,,13100004,SG
osimtest375@hotmail.com,Osimtest1@,osimtest375@hotmail.com,Mickey375,mn375,Osim375,Female,21/9/1972,osimtest375@hotmail.com,55555555,65,en,123456,,TRUE,,TRUE,,,13100005,SG
osimtest376@hotmail.com,Osimtest1@,osimtest376@hotmail.com,Mickey376,mn376,Osim376,Male,22/9/1972,osimtest376@hotmail.com,66666666,65,ch,123456,,,TRUE,,TRUE,,13100006,SG
osimtest377@hotmail.com,Osimtest1@,osimtest377@hotmail.com,Mickey377,mn377,Osim377,Female,23/9/1972,osimtest377@hotmail.com,77777777,65,en,123456,,,TRUE,,TRUE,,13100007,SG
osimtest378@hotmail.com,Osimtest1@,osimtest378@hotmail.com,Mickey378,mn378,Osim378,Male,24/9/1972,osimtest378@hotmail.com,88888888,65,ch,123456,,,TRUE,,TRUE,,13100008,SG
osimtest379@hotmail.com,Osimtest1@,osimtest379@hotmail.com,Mickey379,mn379,Osim379,Female,25/9/1972,osimtest379@hotmail.com,99999999,65,en,123456,,,TRUE,,TRUE,,13100009,SG
osimtest380@hotmail.com,Osimtest1@,osimtest380@hotmail.com,Mickey380,mn380,Osim380,Male,26/9/1972,osimtest380@hotmail.com,11111112,65,ch,123456,,,TRUE,,TRUE,,13100010,SG
osimtest381@hotmail.com,Osimtest1@,osimtest381@hotmail.com,Mickey381,mn381,Osim381,Female,17/9/1972,osimtest381@hotmail.com,11111111,65,en,123456,,TRUE,,TRUE,,,13100001,SG
osimtest382@hotmail.com,Osimtest1@,osimtest382@hotmail.com,Mickey382,mn382,Osim382,Male,18/9/1972,osimtest382@hotmail.com,22222222,65,ch,123456,,TRUE,,TRUE,,,13100002,SG
osimtest383@hotmail.com,Osimtest1@,osimtest383@hotmail.com,Mickey383,mn383,Osim383,Female,19/9/1972,osimtest383@hotmail.com,33333333,65,en,123456,,TRUE,,TRUE,,,13100003,SG
osimtest384@hotmail.com,Osimtest1@,osimtest384@hotmail.com,Mickey384,mn384,Osim384,Male,20/9/1972,osimtest384@hotmail.com,44444444,65,ch,123456,,TRUE,,TRUE,,,13100004,SG
osimtest385@hotmail.com,Osimtest1@,osimtest385@hotmail.com,Mickey385,mn385,Osim385,Female,21/9/1972,osimtest385@hotmail.com,55555555,65,en,123456,,TRUE,,TRUE,,,13100005,SG
osimtest386@hotmail.com,Osimtest1@,osimtest386@hotmail.com,Mickey386,mn386,Osim386,Male,22/9/1972,osimtest386@hotmail.com,66666666,65,ch,123456,,,TRUE,,TRUE,,13100006,SG
osimtest387@hotmail.com,Osimtest1@,osimtest387@hotmail.com,Mickey387,mn387,Osim387,Female,23/9/1972,osimtest387@hotmail.com,77777777,65,en,123456,,,TRUE,,TRUE,,13100007,SG
osimtest388@hotmail.com,Osimtest1@,osimtest388@hotmail.com,Mickey388,mn388,Osim388,Male,24/9/1972,osimtest388@hotmail.com,88888888,65,ch,123456,,,TRUE,,TRUE,,13100008,SG
osimtest389@hotmail.com,Osimtest1@,osimtest389@hotmail.com,Mickey389,mn389,Osim389,Female,25/9/1972,osimtest389@hotmail.com,99999999,65,en,123456,,,TRUE,,TRUE,,13100009,SG
osimtest390@hotmail.com,Osimtest1@,osimtest390@hotmail.com,Mickey390,mn390,Osim390,Male,26/9/1972,osimtest390@hotmail.com,11111112,65,ch,123456,,,TRUE,,TRUE,,13100010,SG
osimtest391@hotmail.com,Osimtest1@,osimtest391@hotmail.com,Mickey391,mn391,Osim391,Female,17/9/1972,osimtest391@hotmail.com,11111111,65,en,123456,,TRUE,,TRUE,,,13100001,SG
osimtest392@hotmail.com,Osimtest1@,osimtest392@hotmail.com,Mickey392,mn392,Osim392,Male,18/9/1972,osimtest392@hotmail.com,22222222,65,ch,123456,,TRUE,,TRUE,,,13100002,SG
osimtest393@hotmail.com,Osimtest1@,osimtest393@hotmail.com,Mickey393,mn393,Osim393,Female,19/9/1972,osimtest393@hotmail.com,33333333,65,en,123456,,TRUE,,TRUE,,,13100003,SG
osimtest394@hotmail.com,Osimtest1@,osimtest394@hotmail.com,Mickey394,mn394,Osim394,Male,20/9/1972,osimtest394@hotmail.com,44444444,65,ch,123456,,TRUE,,TRUE,,,13100004,SG
osimtest395@hotmail.com,Osimtest1@,osimtest395@hotmail.com,Mickey395,mn395,Osim395,Female,21/9/1972,osimtest395@hotmail.com,55555555,65,en,123456,,TRUE,,TRUE,,,13100005,SG
osimtest396@hotmail.com,Osimtest1@,osimtest396@hotmail.com,Mickey396,mn396,Osim396,Male,22/9/1972,osimtest396@hotmail.com,66666666,65,ch,123456,,,TRUE,,TRUE,,13100006,SG
osimtest397@hotmail.com,Osimtest1@,osimtest397@hotmail.com,Mickey397,mn397,Osim397,Female,23/9/1972,osimtest397@hotmail.com,77777777,65,en,123456,,,TRUE,,TRUE,,13100007,SG
osimtest398@hotmail.com,Osimtest1@,osimtest398@hotmail.com,Mickey398,mn398,Osim398,Male,24/9/1972,osimtest398@hotmail.com,88888888,65,ch,123456,,,TRUE,,TRUE,,13100008,SG
osimtest399@hotmail.com,Osimtest1@,osimtest399@hotmail.com,Mickey399,mn399,Osim399,Female,25/9/1972,osimtest399@hotmail.com,99999999,65,en,123456,,,TRUE,,TRUE,,13100009,SG
osimtest400@hotmail.com,Osimtest1@,osimtest400@hotmail.com,Mickey400,mn400,Osim400,Male,26/9/1972,osimtest400@hotmail.com,11111112,65,ch,123456,,,TRUE,,TRUE,,13100010,SG
